<?xml version="1.0" encoding="UTF-8"?>
<project-private xmlns="http://www.netbeans.org/ns/project-private/1">
    <editor-bookmarks xmlns="http://www.netbeans.org/ns/editor-bookmarks/2" lastBookmarkId="0"/>
    <open-files xmlns="http://www.netbeans.org/ns/projectui-open-files/2">
        <group>
            <file>file:/C:/Users/a12/Videos/02042025_SJ/02042025_SJ/src/pkg02042025_sj/objetos/Galleta.java</file>
            <file>file:/C:/Users/a12/Videos/02042025_SJ/02042025_SJ/src/pkg02042025_sj/objetos/Main.java</file>
            <file>file:/C:/Users/a12/Videos/02042025_SJ/02042025_SJ/src/pkg02042025_sj/objetos/Robot.java</file>
            <file>file:/C:/Users/a12/Videos/02042025_SJ/02042025_SJ/src/pkg02042025_sj/objetos/computador.java</file>
        </group>
    </open-files>
</project-private>
